Model,Validation MAE,Test MAE,Validation RMSE,Test RMSE,Validation R2,Test R2
Naive,41.827262299601,41.827262299601,48.149718080080625,48.149718080080625,,
Linear Regression,8.635278202183144,8.234515473156979,12.923746567059927,11.962801744328935,0.7962441049087354,0.8209030730052169
Ridge,8.639177864912869,8.245513313168257,12.89871874847983,11.948087045178319,0.7970325183463023,0.8213433940372156
XGBoost,7.092338745685331,7.069361186449645,11.623738379104006,10.8034521022901,0.835174284460134,0.8539345755658828
LightGBM,7.226456644053751,7.170184532447958,11.810057787002444,10.83780838887526,0.8298478809981797,0.8530040868886113
LSTM,,7.161260604858398,,10.097987935800008,,0.8720397353172302
