Model,lo,hi,mae
Naive,40.77232399878542,42.78838768768754,41.793203583528935
Linear Regression,7.777862142159138,8.488986366972215,8.134610465758767
Ridge,7.788767654295415,8.498077007778141,8.1450040629721
XGBoost,5.832626637209573,6.442714561142764,6.130105630363024
LightGBM,5.9976727316313045,6.626811096608781,6.304240314933028
LSTM,6.791365294803175,7.516508999007279,7.148021365441416
