Model,lo,hi,mae
Naive,40.77232399878542,42.78838768768754,41.793203583528935
Linear Regression,7.870869946451339,8.616981612636327,8.234515473156979
Ridge,7.881695584543214,8.623444082296059,8.245513313168214
XGBoost,6.73347713043676,7.41149147154276,7.069361186449645
LightGBM,6.8410430818801595,7.517539517336936,7.170184532447958
LSTM,6.68663626909256,7.316148245334626,6.99385929107666
