Region,MAE,RMSE,N_obs,N_countries
European Region,3.6455349810771702,6.770914093654076,809,20
Western Pacific Region,6.043241615891832,9.4373608745813,181,4
Eastern Mediterranean Region,7.67885521966869,11.144373235905984,709,11
African Region,8.125540257637919,10.771041150933227,265,6
South-East Asia Region,8.607660952387736,11.857490358062556,161,3
