Region,MAE,RMSE,N_obs,N_countries
European Region,4.156100137827183,7.7089742656707045,809,20
Western Pacific Region,7.3453799162864595,11.096966019491395,181,4
African Region,8.654266722953636,11.25138310315279,265,6
Eastern Mediterranean Region,9.032440352549482,12.536759133189676,709,11
South-East Asia Region,10.14417921313762,14.245212976474315,161,3
